icao,lpv_class
BIAR,LPV
BIGR,LPV
BIHU,LPV
BIVO,LPV
EBAW,LPV200
EBBE,LPV200
EBBR,LPV200
EBCI,LPV200
EBKT,LPV
EBLG,LPV200
EBOS,LPV200
EDAB,LPV
EDAC,LPV200
EDAH,LPV200
EDAY,LPV200
EDAZ,LPV200
EDBH,LPV200
EDBM,LPV
EDBN,LPV
EDDB,LPV200
EDDE,LPV200
EDDF,LPV200
EDDG,LPV200
EDDH,LPV200
EDDK,LPV200
EDDL,LPV200
EDDM,LPV200
EDDN,LPV200
EDDP,LPV200
EDDR,LPV200
EDDV,LPV200
EDDW,LPV200
EDFH,LPV200
EDFQ,LPV
EDGS,LPV200
EDHI,LPV200
EDHK,LPV200
EDHL,LPV200
EDJA,LPV200
EDLN,LPV200
EDLP,LPV200
EDLV,LPV200
EDLW,LPV200
EDMA,LPV200
EDME,LPV
EDMO,LPV200
EDMS,LPV
EDNY,LPV200
EDQA,LPV200
EDQC,LPV
EDQD,LPV200
EDQG,LPV200
EDQM,LPV200
EDRY,LPV200
EDRZ,LPV200
EDSB,LPV200
EDTD,LPV
EDTL,LPV200
EDTM,LPV
EDTY,LPV200
EDVE,LPV200
EDVK,LPV200
EDWE,LPV200
EDWI,LPV200
EDXW,LPV200
EEKA,LPV
EEKE,LPV
EEPU,LPV200
EETN,LPV200
EETU,LPV200
EFET,LPV
EFHA,LPV
EFHK,LPV200
EFIV,LPV
EFJO,LPV
EFJY,LPV
EFKE,LPV
EFKI,LPV
EFKK,LPV
EFKS,LPV
EFKT,LPV
EFKU,LPV
EFLA,LPV
EFLP,LPV
EFMA,LPV200
EFMI,LPV200
EFOU,LPV
EFPO,LPV200
EFPR,LPV
EFRO,LPV
EFSA,LPV
EFSI,LPV
EFTP,LPV200
EFTU,LPV200
EFUT,LPV
EFVA,LPV200
EGJA,LPV
EGJB,LPV200
EGJJ,LPV200
EHAM,LPV200
EHBD,LPV200
EHBK,LPV200
EHEH,LPV200
EHGG,LPV
EHKD,LPV200
EHLE,LPV
EHLW,LPV200
EHRD,LPV200
EHTE,LPV
EHWO,LPV200
EICK,LPV
EIDL,LPV200
EIDW,LPV200
EIKN,LPV
EIME,LPV200
EISG,LPV200
EKAH,LPV200
EKBI,LPV200
EKCH,LPV200
EKEB,LPV200
EKKA,LPV
EKOD,LPV200
EKRN,LPV
EKSB,LPV200
EKVJ,LPV
EKYT,LPV
ELLX,LPV200
ENAL,LPV200
ENAN,LPV
ENAT,LPV
ENBL,LPV200
ENBN,LPV
ENBO,LPV
ENBR,LPV200
ENBS,LPV
ENBV,LPV
ENCN,LPV200
ENDU,LPV
ENEV,LPV200
ENFL,LPV
ENGM,LPV200
ENHD,LPV200
ENHK,LPV200
ENKB,LPV200
ENKR,LPV
ENLK,LPV
ENMH,LPV
ENML,LPV200
ENMS,LPV
ENNA,LPV
ENNM,LPV200
ENNO,LPV200
ENOL,LPV200
ENRM,LPV200
ENRS,LPV
ENRY,LPV
ENSG,LPV200
ENSH,LPV
ENSK,LPV
ENSS,LPV
ENST,LPV200
ENTO,LPV
ENTX,LPV200
ENVA,LPV200
ENZV,LPV200
EPBY,LPV200
EPGD,LPV200
EPKK,LPV200
EPKT,LPV200
EPLB,LPV200
EPLL,LPV200
EPMO,LPV200
EPPO,LPV200
EPRA,LPV200
EPRZ,LPV200
EPSC,LPV200
EPSY,LPV200
EPWA,LPV200
EPWR,LPV200
EPZG,LPV200
ESCF,LPV
ESCM,LPV
ESGG,LPV200
ESGJ,LPV200
ESGP,LPV200
ESGT,LPV
ESIB,LPV
ESKM,LPV
ESMK,LPV
ESMQ,LPV
ESMT,LPV
ESMX,LPV
ESND,LPV200
ESNG,LPV
ESNK,LPV
ESNL,LPV
ESNO,LPV
ESNQ,LPV200
ESNS,LPV
ESNU,LPV200
ESNV,LPV
ESNX,LPV
ESNZ,LPV200
ESOE,LPV
ESOH,LPV
ESOK,LPV
ESOW,LPV
ESSA,LPV200
ESSB,LPV200
ESSD,LPV200
ESSL,LPV
ESSP,LPV
ESST,LPV
ESSU,LPV200
ESSV,LPV200
ESTA,LPV200
ESTL,LPV
ESUP,LPV
ESUT,LPV
ETAR,LPV200
ETEB,LPV200
ETIC,LPV200
ETIK,LPV200
ETNL,LPV200
ETOU,LPV200
ETSH,LPV200
EVGA,LPV200
EVLA,LPV200
EVRA,LPV200
EYKA,LPV
EYPA,LPV
EYVI,LPV
GCLA,LPV
GCLP,LPV
GCRR,LPV
GCTS,LPV
GCXO,LPV
LBBG,LPV
LBGO,LPV
LBPD,LPV
LBSF,LPV
LBWN,LPV
LDDU,LPV
LDLO,LPV
LDOS,LPV
LDPL,LPV
LDRI,LPV
LDSB,LPV
LDSP,LPV
LDZA,LPV
LDZD,LPV
LEAL,LPV
LEAM,LPV
LEAS,LPV200
LEBA,LPV
LEBG,LPV
LEBL,LPV200
LECH,LPV200
LECO,LPV200
LEDA,LPV200
LEGE,LPV200
LEHC,LPV
LEIB,LPV200
LEJR,LPV
LEMD,LPV200
LEMG,LPV200
LEPA,LPV200
LEPP,LPV200
LERJ,LPV200
LERS,LPV
LESO,LPV
LEVC,LPV
LEVT,LPV200
LEVX,LPV
LEXJ,LPV
LFAC,LPV
LFAQ,LPV200
LFAT,LPV200
LFAV,LPV200
LFAY,LPV
LFBA,LPV200
LFBD,LPV200
LFBE,LPV200
LFBF,LPV200
LFBH,LPV200
LFBI,LPV200
LFBK,LPV
LFBL,LPV200
LFBN,LPV
LFBO,LPV
LFBP,LPV
LFBR,LPV
LFBS,LPV200
LFBT,LPV
LFBU,LPV200
LFBX,LPV200
LFBZ,LPV200
LFCC,LPV200
LFCI,LPV200
LFCK,LPV
LFCR,LPV200
LFCY,LPV
LFDH,LPV
LFDJ,LPV200
LFDN,LPV200
LFEC,LPV
LFEY,LPV200
LFGA,LPV200
LFGJ,LPV200
LFHP,LPV200
LFHY,LPV
LFJL,LPV200
LFJR,LPV200
LFKB,LPV200
LFKC,LPV200
LFKF,LPV200
LFKJ,LPV
LFLA,LPV
LFLC,LPV200
LFLD,LPV
LFLG,LPV200
LFLL,LPV200
LFLN,LPV200
LFLP,LPV200
LFLS,LPV200
LFLU,LPV200
LFLV,LPV200
LFLW,LPV200
LFLX,LPV200
LFLY,LPV200
LFMD,LPV
LFMH,LPV200
LFMK,LPV200
LFML,LPV200
LFMN,LPV200
LFMP,LPV
LFMT,LPV200
LFMU,LPV
LFMV,LPV200
LFNB,LPV
LFOB,LPV200
LFOH,LPV200
LFOK,LPV
LFOQ,LPV200
LFOT,LPV200
LFOU,LPV
LFOV,LPV
LFOZ,LPV200
LFPB,LPV200
LFPG,LPV200
LFPM,LPV200
LFPN,LPV200
LFPO,LPV200
LFPT,LPV200
LFQA,LPV
LFQB,LPV200
LFQG,LPV
LFQM,LPV
LFQQ,LPV
LFQT,LPV
LFRB,LPV200
LFRC,LPV200
LFRD,LPV200
LFRG,LPV200
LFRI,LPV200
LFRK,LPV200
LFRM,LPV
LFRN,LPV
LFRO,LPV200
LFRQ,LPV200
LFRS,LPV
LFRT,LPV200
LFRU,LPV
LFRV,LPV
LFRZ,LPV200
LFSB,LPV
LFSD,LPV
LFSG,LPV
LFSL,LPV200
LFSN,LPV200
LFST,LPV200
LFTW,LPV200
LGAV,LPV200
LGIO,LPV
LGKO,LPV
LGMK,LPV200
LGMT,LPV
LGTS,LPV
LHBC,LPV
LHBP,LPV200
LHDC,LPV
LHNY,LPV
LHPP,LPV200
LHPR,LPV200
LHSM,LPV200
LIBC,LPV200
LIBD,LPV200
LIBG,LPV200
LIBP,LPV200
LIBR,LPV200
LICA,LPV200
LICD,LPV200
LICG,LPV200
LICJ,LPV
LICR,LPV200
LIDT,LPV200
LIEA,LPV
LIEO,LPV200
LIKA,LPV200
LIKB,LPV200
LIKC,LPV200
LIMC,LPV200
LIME,LPV200
LIMF,LPV200
LIMG,LPV200
LIMJ,LPV200
LIML,LPV
LIMP,LPV200
LIMZ,LPV200
LIPE,LPV
LIPK,LPV200
LIPO,LPV200
LIPQ,LPV200
LIPR,LPV200
LIPX,LPV200
LIPY,LPV200
LIPZ,LPV
LIRA,LPV200
LIRF,LPV200
LIRI,LPV200
LIRN,LPV200
LIRQ,LPV200
LJCE,LPV200
LJLJ,LPV
LJMB,LPV200
LJPZ,LPV
LKCS,LPV200
LKKU,LPV
LKKV,LPV
LKMT,LPV200
LKPR,LPV200
LKTB,LPV200
LKVO,LPV200
LMML,LPV200
LOWG,LPV200
LOWI,LPV200
LOWK,LPV200
LOWL,LPV200
LOWS,LPV200
LOWW,LPV200
LPCS,LPV
LPFR,LPV200
LPPR,LPV200
LPPS,LPV
LPPT,LPV
LRBC,LPV
LRBM,LPV200
LRBV,LPV200
LRCK,LPV
LRCL,LPV
LRCV,LPV200
LRIA,LPV
LRSM,LPV200
LRSV,LPV
LRTC,LPV
LSGC,LPV200
LSGG,LPV200
LSMD,LPV200
LSME,LPV200
LSMP,LPV200
LSZB,LPV200
LSZG,LPV200
LSZH,LPV200
LSZR,LPV
LYBE,LPV200
LYBT,LPV200
LYKV,LPV200
LYNI,LPV200
LYPG,LPV200
LYUZ,LPV200
LZIB,LPV200
LZKZ,LPV200
LZPP,LPV200
LZTT,LPV200
LZZI,LPV200
